Index,Page Number
المقدمة,5
أذكار الصباح,9
أذكار المساء,16
أذكار الاستيقاظ,31
أذكار الخلاء,31
أذكار الوضوء,32
أذكار اللباس,33
أذكار دخول البيت والخروج منه,35
أذكار المسجد,36
أذكار الأذان,39
أذكار الصلاة,44
أذكار الركوع,49
أذكار السجود,52
أذكار القنوت,55
أذكار النوم,75
الأذكار والدعوات للأمور العارضة,86
أذكار المرض,93
أذكار الموت,100
أذكار الصلاة على الميت,105
أذكار الصيام,109
أدعية الحج والعمرة,111
أذكار المسافر,129
أذكار الغزو والجهاد,136
أذكار الأكل والشرب,140
أذكار العطاس,143
أذكار النكاح,145
أذكار تتعلق بالأمور العلوية,148
الأذكار المتفرقة,150
اولا : من القرأن الكريم,150
ثانيا : أذكار متفرقة من السنة الشريفة,154
كفارة المجلس,161
الادعية المطلقة,162
الأذكار المطلقة,193